{"cameraMode":{"drawMode":0,"name":"Shaded","section":"Shading Mode"},"sceneLighting":false,"audioPlay":false,"sceneViewState":{"showFog":true,"showMaterialUpdate":false,"showSkybox":false,"showFlares":true,"showImageEffects":true,"showParticleSystems":true},"in2DMode":false,"pivot":{"x":-2.9802322387695315e-8,"y":1.4901161193847657e-8,"z":3.5},"rotation":{"x":-0.018442723900079728,"y":0.9516688585281372,"z":-0.3009776771068573,"w":-0.05831408500671387},"size":6.931793689727783,"orthographic":false}